coordinates,created_at,hashtags,media,urls,favorite_count,id,in_reply_to_screen_name,in_reply_to_status_id,in_reply_to_user_id,lang,place,possibly_sensitive,quote_id,retweet_count,retweet_id,retweet_screen_name,source,text,tweet_url,user_created_at,user_id,user_default_profile_image,user_description,user_favourites_count,user_followers_count,user_friends_count,user_listed_count,user_location,user_name,user_screen_name,user_statuses_count,user_time_zone,user_urls,user_verified
,Thu Jul 22 13:08:23 +0000 2021,,,,0,1418196225061539845,PogonSzczecin,1418186312780238854,249576782,pl,,,,0,,,"<a href=""http://twitter.com/download/android"" rel=""nofollow"">Twitter for Android</a>",@PogonSzczecin @sport_tvppl @BorekMati @MZewlakow A czemu nie na tvp sport?,https://twitter.com/Potr0wiec/status/1418196225061539845,Thu Aug 06 11:21:51 +0000 2020,1291333609786355712,false,"BoÅ¼e broÅ„ nas od tak wybitnych ekspertÃ³w        

konto ze statystykami - @StatsGoal",14216,489,929,1,"Szczecin, Polska",MichaÅ‚,Potr0wiec,17679,,,false
,Thu Jul 22 13:07:52 +0000 2021,,,,2,1418196096707334150,odlewadprawa,1418195512507998209,1201238956936958000,pl,,,,0,,,"<a href=""https://mobile.twitter.com"" rel=""nofollow"">Twitter Web App</a>",@odlewadprawa @AnnaMarzec5 @SilverMarketFan @TadeuszCzupryn @TomaszPaprzycki @DominikSuchodo3 @Amonn135 @makowski_m Oczywista oczywistoÅ›Ä‡. W TVP teÅ¼ byÅ‚o sporo. A w TVN to przecieÅ¼ nawet Olejnik krzyczaÅ‚a na Sikorskiego.,https://twitter.com/PiotrS31170857/status/1418196096707334150,Tue Nov 07 11:05:07 +0000 2017,927854422385938432,true,,1028,18,31,0,,Piotr S.,PiotrS31170857,11952,,,false
,Thu Jul 22 13:07:27 +0000 2021,,,,0,1418195988234264576,,,,pl,,,,16,1418187553941897223,KChojecka,"<a href=""http://twitter.com/download/android"" rel=""nofollow"">Twitter for Android</a>","Defilady Wojska Polskiego nie bÄ™dzie ze wzglÄ™du na zagroÅ¼enie epidemiczne,
ale pielgrzymka @RadioMaryja na JasnÄ… GÃ³rÄ™ to jak najbardziej...
Co jest bardziej niebezpieczne?
https://t.co/ErJwkEHmpo",https://twitter.com/Rysiek76102827/status/1418195988234264576,Sun Jun 02 12:07:05 +0000 2019,1135155874480185344,false,Oczy ciemne,161734,262,336,2,,Rysiek,Rysiek76102827,117555,,,false
,Thu Jul 22 13:15:25 +0000 2021,,,,0,1418197994642497543,tvp_info,1418149142539509760,47295451,pl,,,,0,,,"<a href=""http://twitter.com/download/android"" rel=""nofollow"">Twitter for Android</a>",@tvp_info @prezydentpl @AndrzejDuda Pan prezydentğŸ‡µğŸ‡± @AndrzejDuda leci do JaponiiğŸ‡¯ğŸ‡µ wspieraÄ‡ polskich ğŸ‡µğŸ‡± sportowcÃ³w ğŸ‘ a zakopleksione Ä‡wierÄ‡ inteligentne kundle z totalnej opozycji juÅ¼ wyjÄ…... Spokojnie to nie wasz @Komorowski  ktÃ³ry szogunÃ³w woÅ‚a i po krzesÅ‚ach skacze jak ğŸ’,https://twitter.com/ArchanioMichael/status/1418197994642497543,Fri May 07 09:53:54 +0000 2021,1390605733729865728,false,IdÄ…c ciemnÄ… dolinÄ… zÅ‚a siÄ™ nie ulÄ™knÄ™..z prymitywnym lewactwem nie dyskutujÄ™,17918,1547,1616,5,"GdaÅ„sk, Polska",MichaÅ‚ğŸ‡µğŸ‡±ğŸ¦…,ArchanioMichael,14867,,,false
,Thu Jul 22 13:12:50 +0000 2021,,,,0,1418197344756146178,,,,pl,,,,91,1418194659642417163,KrzyLuft,"<a href=""https://mobile.twitter.com"" rel=""nofollow"">Twitter Web App</a>","Rada Programowa TVP gÅ‚osami czÅ‚onkÃ³w zwiÄ…zanych z PiS wÅ‚aÅ›nie odrzuciÅ‚a wniosek o zamÃ³wienie zewnÄ™trznej analizy materiaÅ‚Ã³w @WiadomosciTVP , przedstawiajÄ…cych aktywnoÅ›Ä‡ i osobÄ™ @donaldtusk . ZamykajÄ… oczy i uszy na ordynarne szczucie i nagonkÄ™, realizowanÄ… w TVP.",https://twitter.com/PaweGrzegorczy1/status/1418197344756146178,Tue Dec 17 19:23:31 +0000 2013,2250864506,false,ÅšcieÅ¼ki BÅ‚Ä™du SÄ… RÃ³Å¼ne I NieskoÅ„czone,851241,7477,7965,14,,Anty bakiewicz Robert,PaweGrzegorczy1,625599,,,false
,Thu Jul 22 13:14:03 +0000 2021,,,,0,1418197651431084035,Marecze18439407,1418196468041715713,994897540083585000,pl,,,,0,,,"<a href=""http://twitter.com/#!/download/ipad"" rel=""nofollow"">Twitter for iPad</a>","@Marecze18439407 @tvp_info Czy jest jakaÅ› ( moÅ¼e jedna )  wypowiedz @AndrzejDuda , ktÃ³ra nie niosÅ‚aby w treÅ›ci przesÅ‚anki do wstydu?",https://twitter.com/turwie2/status/1418197651431084035,Thu Nov 06 16:56:44 +0000 2014,2864078765,false,"Emerytowany absolwent WAT. Turystyka, technika, literatura techniczna Umiarkowany optymista. Moje motto-""Nie oszukasz Å›wiata sÅ‚owami w ktÃ³re sam nie wierzysz """,62881,4772,2936,22,"WarmiÅ„sko-Mazurskie, Polska",WiesÅ‚aw TURSKI,turwie2,69759,,,false
,Thu Jul 22 13:10:26 +0000 2021,,,,0,1418196739279007746,tvp_info,1418191478040449024,47295451,pl,,,,0,,,"<a href=""http://twitter.com/download/android"" rel=""nofollow"">Twitter for Android</a>",@tvp_info jak juÅ¼ on nie moÅ¼e patrzeÄ‡ na pis to musi byÄ‡ naprawdÄ™ Åºle bo przecieÅ¼ autorytarna wÅ‚adza pisu utoÅ¼samia wszystkie cnoty prl-u,https://twitter.com/Dominik00010/status/1418196739279007746,Sun Jul 02 16:13:39 +0000 2017,881546419345248256,false,,15928,183,534,8,,Dominik ğŸ‡µğŸ‡±ğŸ‡ºğŸ‡¦ğŸ‡ºğŸ‡¸ğŸ‡ªğŸ‡º,Dominik00010,15649,,,false
,Thu Jul 22 13:06:38 +0000 2021,,,,0,1418195784869232642,tvp_info,1417927976637894661,47295451,pl,,,,0,,,"<a href=""https://mobile.twitter.com"" rel=""nofollow"">Twitter Web App</a>","@tvp_info CzoÅ‚em funkcjonariusze!
PamiÄ™tacie PiSowski program ""Strzelnica w powiecie"" miaÅ‚o powstaÄ‡ 380 strzelnic - powstaÅ‚y 2.
Zapytajcie rzÄ…d ile kosztowaÅ‚ PolakÃ³w program strzelnic i gdzie trafiÅ‚y przeznaczone na niego pieniÄ…dze?",https://twitter.com/TomaszSiwiak/status/1418195784869232642,Sun Jan 22 20:49:02 +0000 2012,471416974,false,"opinie prywatne
konta imiÄ™_cyferki blokujÄ™
z anonimami nie dyskutujÄ™",4786,68,456,0,Poland,Tomasz Siwiak,TomaszSiwiak,9387,,,false
,Thu Jul 22 13:06:34 +0000 2021,,,,1,1418195767022522373,RzRNowak,1418194976480112641,702800044953567200,pl,,,,0,,,"<a href=""http://twitter.com/download/iphone"" rel=""nofollow"">Twitter for iPhone</a>","@RzRNowak @tvp_info @TVP Å»aden/ zarÃ³wno Doktor, jak i ja dawno zaszczepieni. Tak siÄ™ skÅ‚ada, Å¼e i ja i mÃ³j rozmÃ³wca AstrÄ…",https://twitter.com/adam_giza/status/1418195767022522373,Mon Feb 26 12:21:06 +0000 2018,968098594090778624,false,prezenter TVP Info/TVP,256,4877,170,79,"Warszawa, Polska",Adam Giza,adam_giza,1523,,,false
,Thu Jul 22 13:15:09 +0000 2021,,,,0,1418197926451482627,najmocniejprze1,1418169665138876419,1414569029872799700,pl,,,,0,,,"<a href=""http://twitter.com/download/android"" rel=""nofollow"">Twitter for Android</a>",@najmocniejprze1 @MaciejJaworsk17 @Konrad_Chudy @BartStaszewski @milosc_ Z Irlandii to wszystko widzisz? Czy moÅ¼e na podstawie wiadomoÅ›ci TVP?,https://twitter.com/vol_martin/status/1418197926451482627,Sun Jun 20 18:51:18 +0000 2021,1406686067298799619,false,"â˜€ï¸ğŸŒ¤ï¸â˜ï¸ğŸŒ©ï¸âš¡
Przeklinam tylko wtedy, jak siÄ™ mnie wyjÄ…tkowo zirytuje.",532,2,5,0,,Vol 2,vol_martin,184,,,false
,Thu Jul 22 13:11:27 +0000 2021,,,,0,1418196998403002371,tvp_info,1418162878624976904,47295451,pl,,,,0,,,"<a href=""http://twitter.com/download/android"" rel=""nofollow"">Twitter for Android</a>",@tvp_info a czego Tusek nie deklarowaÅ‚ To bardzo obiecujÄ…cy typek. Obieca wszystko,https://twitter.com/APolak85/status/1418196998403002371,Sun Aug 09 09:05:20 +0000 2020,1292386231087697922,true,,26687,97,36,0,,Anna.polak85,APolak85,15397,,,false
,Thu Jul 22 13:08:54 +0000 2021,,,,1,1418196354132811778,House96788181,1418196061378826242,1104086462612586500,pl,,,,0,,,"<a href=""http://twitter.com/download/iphone"" rel=""nofollow"">Twitter for iPhone</a>",@House96788181 @tvp_info @farmerjanek NiedoÅ›Ä‡ Å¼e biznes niszczÄ… to jeszcze sprzÄ™t kradnÄ… ğŸ™„,https://twitter.com/mateuszs120/status/1418196354132811778,Thu Nov 14 18:09:13 +0000 2013,2180981944,false,hobbystycznie szkaluje niedzielskiego,20080,241,453,3,,...........,mateuszs120,10524,,,false
,Thu Jul 22 13:14:39 +0000 2021,,,,0,1418197803898179584,tvp_info,,47295451,pl,,,,0,,,"<a href=""http://twitter.com/download/iphone"" rel=""nofollow"">Twitter for iPhone</a>",@tvp_info No teraz w obecnych czasach konferencje prasowe wyglÄ…dajÄ… caÅ‚kiem inaczej nikt nie dostaje mikrofonu i nikt nie moÅ¼e zadaÄ‡ Å¼adnego pytania i to jest wedÅ‚ug waszego mniemania lepiej !! !,https://twitter.com/Marek95235163/status/1418197803898179584,Tue Jul 20 15:05:57 +0000 2021,1417500822070509574,false,,0,0,16,0,,Marek,Marek95235163,7,,,false
,Thu Jul 22 13:11:33 +0000 2021,,,,1,1418197023556243463,WiechowskiKuba,1418159582480842752,548967697,pl,,,,0,,,"<a href=""http://twitter.com/download/android"" rel=""nofollow"">Twitter for Android</a>",@WiechowskiKuba @Niespodzianka_ @tvp_info DostaliÅ›my od nich braterski wpierdol ğŸ¤£ğŸ˜‚,https://twitter.com/and_fuck_em_all/status/1418197023556243463,Sun Jun 22 08:15:48 +0000 2014,2630777811,false,,164360,1077,1425,4,,and justice for all ğŸ‡ªğŸ‡ºğŸ‡µğŸ‡±ğŸŒˆâš¡âš¡âš¡âš¡âš¡,and_fuck_em_all,21816,,,false
,Thu Jul 22 13:06:51 +0000 2021,,,https://www.tvp.info/54990734/jerzy-urban-o-tusku-u-moniki-jaruzelskiej-to-piekna-melodia?fbclid=IwAR1kbXvDp0HjP29hqHA4-mPSsMAPYPBSR_GaG0-krMSByHfvtiqJapZP0pE,0,1418195838069878784,,,,pl,,false,,26,1418193850565337091,BartekPiekarsky,"<a href=""http://twitter.com/download/iphone"" rel=""nofollow"">Twitter for iPhone</a>","NaprawdÄ™ fantastyczna laurka dla Tuskaâ€¦ ğŸ¤¦â€â™‚ï¸
https://t.co/29oU4UHyp3",https://twitter.com/JoanaJaski/status/1418195838069878784,Sat May 11 04:56:21 +0000 2019,1127074946226716672,false,,70746,1434,1445,1,,Joana JaskiğŸ‡µğŸ‡±âœï¸,JoanaJaski,29702,,,false
,Thu Jul 22 13:12:57 +0000 2021,Sugihara,https://twitter.com/M_Lapczynski/status/1418197374594437128/photo/1,http://tinyurl.com/rom21er,52,1418197374594437128,,,,pl,,false,,17,,,"<a href=""https://mobile.twitter.com"" rel=""nofollow"">Twitter Web App</a>","Podczas wizyty w @PLinTokyo Prezydent @AndrzejDuda oddaÅ‚ hoÅ‚d ambasadorowi RP w ğŸ‡¯ğŸ‡µ Tadeuszowi Romerowi, ktÃ³ry niÃ³sÅ‚ pomoc obywatelom RP przybywajÄ…cym do Japonii z wizami od konsula w Kownie Chiune #Sugihara. https://t.co/hxlYktEngs ğŸ“¸@prezydentpl https://t.co/EGricAZ5dP",https://twitter.com/M_Lapczynski/status/1418197374594437128,Tue Mar 12 20:52:57 +0000 2013,1262852462,false,"ğŸ‡µğŸ‡± Civil servant/diplomat ğŸŒ Deputy Director @BPM_KPRP. Previously at @kultura_gov_pl, director of @PLInst_Vilnius @PolandMFA | Strictly personal views.",16642,1831,1747,31,"Warszawa, Polska",Marcin ÅapczyÅ„ski,M_Lapczynski,6776,,,false
,Thu Jul 22 13:11:45 +0000 2021,,,,0,1418197070964576256,tvp_info,1418106566922981376,47295451,pl,,,,0,,,"<a href=""http://twitter.com/download/android"" rel=""nofollow"">Twitter for Android</a>","@tvp_info @CzarnekP ,Chcemy, aby organy paÅ„stwa, w tym kurator oÅ›wiaty, staÅ‚y na straÅ¼y normalnoÅ›ci w szkoÅ‚ach i braku moÅ¼liwoÅ›ci demoralizacji dzieci przez jakÄ…Å› rozszerzonÄ… edukacjÄ™ seksualnÄ…'. I bardzo sÅ‚usznie. Dzieci nadmiernie wyedukowane mogÅ‚yby siÄ™ zorientowaÄ‡, Å¼e sÄ… obiektem  molestowania..",https://twitter.com/Katarzynak23/status/1418197070964576256,Sat Oct 17 10:11:16 +0000 2015,3978782962,false,"As far as possible, without surrender, be on good terms with all persons. Speak your truth quietly and clearly",50372,782,822,5,,Katarzynak #SilniRazem,Katarzynak23,42182,,,false
,Thu Jul 22 13:07:44 +0000 2021,,,,1,1418196061378826242,mateuszs120,1418192783270158338,2180981944,pl,,,,0,,,"<a href=""http://twitter.com/download/android"" rel=""nofollow"">Twitter for Android</a>",@mateuszs120 @tvp_info @farmerjanek Raczej chodzi o agregaty prÄ…dotwÃ³rcze.,https://twitter.com/House96788181/status/1418196061378826242,Fri Mar 08 18:28:20 +0000 2019,1104086462612586498,false,Satyra na okrÄ…gÅ‚o ğŸ˜‰,104852,1012,1174,8,Futurama,Dr. Zoidberg ğŸ¦‚,House96788181,25815,,,false
,Thu Jul 22 13:10:49 +0000 2021,,,,0,1418196836251279364,tvp_info,1418191478040449024,47295451,pl,,,,0,,,"<a href=""http://twitter.com/download/android"" rel=""nofollow"">Twitter for Android</a>","@tvp_info Ej matoÅ‚y, on raczej ma obrzydzenie do pislamistÃ³w...",https://twitter.com/SobiczewskiK/status/1418196836251279364,Sun Feb 16 20:43:34 +0000 2014,2347424479,false,Never give up !!! ***** ***,7358,202,593,2,,Krzysiek S. ğŸ‡ªğŸ‡ºğŸ‡µğŸ‡±ğŸ¤˜,SobiczewskiK,6488,,,false
,Thu Jul 22 13:13:27 +0000 2021,,,,0,1418197500650008578,adam_giza,1417863725399384065,968098594090778600,pl,,,,0,,,"<a href=""https://mobile.twitter.com"" rel=""nofollow"">Twitter Web App</a>","@adam_giza @tvp_info @TVP SamobÃ³jstwo na zlecenie to, zdaniem pana Glisty- 
 ""fanaberia"".
O Å¼esz ty przeskurwysynie.",https://twitter.com/leorossi54/status/1418197500650008578,Fri Nov 20 01:19:22 +0000 2015,4230790516,false,"#StopUkrainizacjiPolski
""Nothing succeeds as planned""- Joseph Heller.
Dlatego NWO pÃ³jdzie siÄ™ pierdoliÄ‡.",135574,1252,1337,20,,1,leorossi54,10997,,,false
,Thu Jul 22 13:10:17 +0000 2021,,,,7,1418196702343974918,Miron_Kolenda,1418196298449276929,2663573629,pl,,,,0,,,"<a href=""https://mobile.twitter.com"" rel=""nofollow"">Twitter Web App</a>",@Miron_Kolenda @EUntefuhrer PrzecieÅ¼ wÅ‚aÅ›nie na to siÄ™ powoÅ‚aÅ‚..o to wÅ‚aÅ›nie chodzi w tej wypowiedzi. To TVP info znÃ³w daÅ‚o du.. i rÄ…bnÄ™Å‚o Twitta bez sensu.,https://twitter.com/michaljadczak/status/1418196702343974918,Wed Oct 08 17:51:50 +0000 2008,16652357,false,+ dla -,67695,11534,555,92,,Mischa Von Jadczak,michaljadczak,136647,,,false
,Thu Jul 22 13:06:54 +0000 2021,,,,0,1418195853261656067,tvp_info,1418184295349424133,47295451,pl,,,,0,,,"<a href=""http://twitter.com/download/android"" rel=""nofollow"">Twitter for Android</a>",@tvp_info @cezarygmyz Sukces pisowskiej dyplomacji hahahaha @MSZ_RP Brawa dyplomatoÅ‚ki! Owacje na stojÄ…co z powodu osiÄ…gniÄ™cia celu hahahah.,https://twitter.com/st33lr4t/status/1418195853261656067,Fri Aug 09 01:14:28 +0000 2013,1656604141,false,"For better future. I will show you world without sin.

BTC donation welcome ğŸ˜
 1BFonQGxpFHVMFKqQXW1PSJPJMuyoq255e",86770,271,385,1,Milky Way Galaxy,Justice4All,st33lr4t,24351,,http://edx.org,false
,Thu Jul 22 13:09:52 +0000 2021,,,,0,1418196596551036939,,,,pl,,,,12,1418159436447817732,Sylwest02584530,"<a href=""http://twitter.com/download/android"" rel=""nofollow"">Twitter for Android</a>","@tvp_info Qrwa, zaraz powie Å¼e Dywizjon 303 braÅ‚ udziaÅ‚ w ataku na Midway ğŸ¤¦ğŸ»â€â™‚ï¸",https://twitter.com/Max94842047/status/1418196596551036939,Sun Jul 05 08:04:13 +0000 2020,1279687448197582848,false,,49218,62,21,0,,Max,Max94842047,83719,,,false
,Thu Jul 22 13:10:22 +0000 2021,pisorg pis,,,0,1418196722023550976,tvp_info,1417857206012321795,47295451,pl,,,,0,,,"<a href=""http://twitter.com/download/iphone"" rel=""nofollow"">Twitter for iPhone</a>",@tvp_info Wszystko jedno byleby nie PiS #pisorg #pis,https://twitter.com/Lucas13438810/status/1418196722023550976,Thu Sep 13 07:18:35 +0000 2018,1040137651561607168,false,,111,0,12,0,"Warszawa, Polska",Lucas,Lucas13438810,137,,,false
,Thu Jul 22 13:10:40 +0000 2021,OPINIA,,,0,1418196801178505223,,,,pl,,,,8,1418179851396292609,Eki_bez_Eki,"<a href=""http://twitter.com/download/android"" rel=""nofollow"">Twitter for Android</a>","#OPINIA-Czy to przejÄ™zyczenie @AndrzejDuda @prezydentpl, nadgorliwoÅ›Ä‡ funkcjonariusza @tvp_info czy Å›wiadoma wypowiedÅº prezydenta?
Przypomnijmy, Å¼e podczas II wojny Å›wiatowej Japonia stanÄ™Å‚a po stronie #faszyzmu.
JeÅ›li to nie przejÄ™zyczenie to nie dziwi @CzarnekP czy @RBakiewicz https://t.co/xXBoDd7VQG",https://twitter.com/RobWay22/status/1418196801178505223,Thu Mar 04 13:34:22 +0000 2021,1367468403074740230,false,"PiS i prawica,trole WON!
Mufcio,cudowny,wspaniaÅ‚y pies po przejÅ›ciach.
FF=FF ğŸ™‚
unfollow=unfollow+ban gratisğŸ™‚ğŸ˜Š i nie ma,Å¼e boli. 
MyÅ›leÄ‡ przed,a nie po.",129603,4878,4858,5,"Mazowieckie, Polska",Rob Way 2,RobWay22,141786,,,false
,Thu Jul 22 13:07:29 +0000 2021,,,,0,1418195999684796423,,,,pl,,,,6,1418079656843091968,bogdan607,"<a href=""https://mobile.twitter.com"" rel=""nofollow"">Twitter Web App</a>","Wzywamy USA i Niemcy do podjÄ™cia krokÃ³w w celu znalezienia adekwatnej odpowiedzi na rodzÄ…cy siÄ™ kryzys bezpieczeÅ„stwa w naszym regionie, ktÃ³rego jedynym beneficjentem jest Rosja â€“ gÅ‚osi wspÃ³lne stanowisko MSZ Polski i Ukrainy w sprawie gazociÄ…gu NS2
https://t.co/mnnyD36asv",https://twitter.com/andrzej_blan17/status/1418195999684796423,Sat Dec 03 10:15:06 +0000 2011,427281561,false,"old scout
old sailor",33962,393,393,77,,andrzej,andrzej_blan17,78140,,,false
,Thu Jul 22 13:11:27 +0000 2021,,,,0,1418196996633018371,ulotqa,1418181567126638605,2821870219,pl,,,,0,,,"<a href=""https://about.twitter.com/products/tweetdeck"" rel=""nofollow"">TweetDeck</a>","@ulotqa @PawelWronskigw Prezydent podpisaÅ‚ ustawÄ™, dziÄ™ki ktÃ³rej ta kompromitacja zwana TVP jest obsypywana pieniÄ™dzmi. Zrobili  z niego durnia, ale zapracowaÅ‚ na to.",https://twitter.com/velvet_demon/status/1418196996633018371,Thu Oct 08 21:53:00 +0000 2009,80953352,false,"Jedyne na co ludzkoÅ›Ä‡ zasÅ‚uguje, to asteroidÄ… w pysk.",15291,282,284,3,,What Evera,velvet_demon,33483,,,false
,Thu Jul 22 13:08:26 +0000 2021,,,,0,1418196239099772931,adam_giza,1418195767022522373,968098594090778600,pl,,,,0,,,"<a href=""https://mobile.twitter.com"" rel=""nofollow"">Twitter Web App</a>",@adam_giza @RzRNowak @tvp_info @TVP A wyglÄ…dasz jak po Amfie...ğŸ˜œ,https://twitter.com/Hucul9/status/1418196239099772931,Mon Apr 17 09:29:15 +0000 2017,853903169159671808,false,"Nie wiem, HucuÅ‚ jestem.",177705,5702,5406,1,Polska,Ecik z Pecikiem,Hucul9,112116,,,false
,Thu Jul 22 13:15:21 +0000 2021,,,,0,1418197977190043653,,,,pl,,,,16,1418187553941897223,KChojecka,"<a href=""http://twitter.com/download/android"" rel=""nofollow"">Twitter for Android</a>","Defilady Wojska Polskiego nie bÄ™dzie ze wzglÄ™du na zagroÅ¼enie epidemiczne,
ale pielgrzymka @RadioMaryja na JasnÄ… GÃ³rÄ™ to jak najbardziej...
Co jest bardziej niebezpieczne?
https://t.co/ErJwkEHmpo",https://twitter.com/MiroslawOkulic1/status/1418197977190043653,Sun Jul 14 18:50:57 +0000 2019,1150477799423188993,false,Jeremiasza 17.7,59078,116,40,0,,Miroslaw Okulicki,MiroslawOkulic1,57491,,,false
,Thu Jul 22 13:11:34 +0000 2021,,,,1,1418197027742261249,makowski_m,1418190164942262275,485828885,pl,,,,0,,,"<a href=""http://twitter.com/download/android"" rel=""nofollow"">Twitter for Android</a>","@makowski_m Niby trochÄ™ racja, Å¼e kiedyÅ› polityka nie byÅ‚a taka wszechobecna, ale teÅ¼ trzeba zauwaÅ¼yÄ‡, Å¼e rzÄ…d Tuska miaÅ‚ doÅ›Ä‡ duÅ¼o gÅ‚Ã³wnych mediÃ³w w garÅ›ci (RASP, ITI, Agora, TVP)...",https://twitter.com/mroztastic/status/1418197027742261249,Sat Jul 09 10:10:21 +0000 2016,751720137787641856,false,,7765,24,137,0,,PaweÅ‚,mroztastic,1572,,,false
,Thu Jul 22 13:13:59 +0000 2021,,,,177,1418197632787402758,zKaszebe,1418194664415449093,735919908094103600,pl,,,,3,,,"<a href=""http://twitter.com/download/iphone"" rel=""nofollow"">Twitter for iPhone</a>","@zKaszebe Mamy swojego czÅ‚owieka w TVP Info. ImiÄ™ na â€Sâ€, nazwisko na â€Pâ€.",https://twitter.com/TygodnikNIE/status/1418197632787402758,Sun Oct 07 08:52:25 +0000 2012,866015323,false,"Szukajcie nas na Facebooku, Instagramie i YouTube pod nazwÄ… ""Tygodnik NIE"". Nowy numer w kioskach w kaÅ¼dy piÄ…tek. Profil prowadzi MichaÅ‚ MarszaÅ‚.",6712,327701,945,370,Polska,Tygodnik NIE,TygodnikNIE,17377,,http://www.tygodniknie.pl,false
,Thu Jul 22 13:10:37 +0000 2021,,,https://www.tvp.info/54990734/jerzy-urban-o-tusku-u-moniki-jaruzelskiej-to-piekna-melodia?fbclid=IwAR1kbXvDp0HjP29hqHA4-mPSsMAPYPBSR_GaG0-krMSByHfvtiqJapZP0pE,0,1418196786360033291,,,,pl,,false,,26,1418193850565337091,BartekPiekarsky,"<a href=""https://mobile.twitter.com"" rel=""nofollow"">Twitter Web App</a>","NaprawdÄ™ fantastyczna laurka dla Tuskaâ€¦ ğŸ¤¦â€â™‚ï¸
https://t.co/29oU4UHyp3",https://twitter.com/JanTalewski/status/1418196786360033291,Wed Jun 03 20:43:43 +0000 2020,1268282152237576193,false,"Chuligan z dobrego domu. CeniÄ…cy na rÃ³wni dobre towarzystwo, jak i jego caÅ‚kowity brak. tusk - zawsze maÅ‚Ä… literÄ…, nawet na poczÄ…tku zdania.",141239,572,527,3,"KrakÃ³w, Polska",ğ—¦ğ—®ğ—»ğ—´ğ˜„ğ—¶ğ—»ğ—¶ğ—¸,JanTalewski,37083,,,false
,Thu Jul 22 13:15:23 +0000 2021,,,,1,1418197986472046597,tvp_info,1418162878624976904,47295451,pl,,,,0,,,"<a href=""https://mobile.twitter.com"" rel=""nofollow"">Twitter Web App</a>",@tvp_info skandal ze sprowadzeniem przez KGHM z Chin kilku milionÃ³w bezwartoÅ›ciowych maseczek. Nadal bez wyrokÃ³w dla zÅ‚odziei z PIS...,https://twitter.com/MarekS997/status/1418197986472046597,Sat Dec 06 11:58:42 +0000 2014,2907674452,false,"PIS na Madagaskar. 

https://t.co/qoMWo20qts",33895,510,1621,8,ğŸ‡ªğŸ‡ºâš¡ğŸŒˆğŸ‡¨ğŸ‡¿âš§âœ¡ Praga-Reykjavik,Marek S,MarekS997,46335,,https://youtube.com/c/StonedMeadowOfDoom1993,false
,Thu Jul 22 13:11:22 +0000 2021,wieszwiÄ™cej,,https://www.tvp.info/54990579/hiszpania-posiedzenie-parlamentu-andaluzji-przerwane-z-powodu-szczura,0,1418196975191789571,,,,pl,,false,,5,1418196379151654914,tvp_info,"<a href=""https://mobile.twitter.com"" rel=""nofollow"">Twitter Web App</a>","Przerwano posiedzenie parlamentu Andaluzji
#wieszwiÄ™cej https://t.co/NMcvJPH8zA",https://twitter.com/PovidokE/status/1418196975191789571,Sat Jan 02 20:20:24 +0000 2021,1345464772414894082,false,J. 3:16,85850,670,731,0,,ePovidok,PovidokE,110761,,,false
,Thu Jul 22 13:14:06 +0000 2021,,,,0,1418197663334477824,,,,pl,,,,109,1417942055247040512,cezarygmyz,"<a href=""http://twitter.com/download/android"" rel=""nofollow"">Twitter for Android</a>","PozwolÄ™ sobie przypomnieÄ‡, Å¼e Ukraina juÅ¼ raz dostaÅ‚a gwarancje z Zachodu integralnoÅ›ci terytorialnej w zamian za rezygnacjÄ™ z broni atomowej. Obecne gwarancje sÄ… warte jeszcze mniej https://t.co/7v3UL2rqeR",https://twitter.com/Krzysztof_8888/status/1418197663334477824,Mon Dec 08 21:59:52 +0000 2014,2911713250,false,Noe,181443,559,389,5,Warszawa ,Christophoros,Krzysztof_8888,186880,,,false
,Thu Jul 22 13:14:29 +0000 2021,,,,5,1418197759690256387,tvp_info,1418178016719646727,47295451,pl,,,,0,,,"<a href=""http://twitter.com/download/android"" rel=""nofollow"">Twitter for Android</a>",@tvp_info Z takimi uszami na sÅ‚uchaniu Jerzy zna siÄ™ lepiej niÅ¼ kaÅ¼dy z nas. Ja mu wierzÄ™. MoÅ¼na nie lubiÄ‡ Urbana itd. ale to jest bardzo inteligentny goÅ›Ä‡ z gigantycznym dystansem do wszystkiego. Lepszy Urban poza politykÄ… niÅ¼ komunista Piotrowicz na stanowisku sÄ™dziego TK.,https://twitter.com/st33lr4t/status/1418197759690256387,Fri Aug 09 01:14:28 +0000 2013,1656604141,false,"For better future. I will show you world without sin.

BTC donation welcome ğŸ˜
 1BFonQGxpFHVMFKqQXW1PSJPJMuyoq255e",86770,271,385,1,Milky Way Galaxy,Justice4All,st33lr4t,24351,,http://edx.org,false
,Thu Jul 22 13:08:46 +0000 2021,,,,1,1418196321220059137,tvp_info,1418191478040449024,47295451,pl,,,,0,,,"<a href=""http://twitter.com/download/android"" rel=""nofollow"">Twitter for Android</a>",@tvp_info Napiszcie jeszcze coÅ› o milionach zwrÃ³conych Urbanowi za pisowskich rzÄ…dÃ³w.,https://twitter.com/LisewskiPiotr/status/1418196321220059137,Sat Jul 15 14:52:46 +0000 2017,886237105315340290,false,"Przeszkadzam, nie popieram.",40346,584,1663,2,"Szczecin, Polska",Piotr Lisewski,LisewskiPiotr,33185,,,false
,Thu Jul 22 13:07:53 +0000 2021,,,,1,1418196101153296387,tvp_info,1418183717143601154,47295451,pl,,,,0,,,"<a href=""http://twitter.com/download/android"" rel=""nofollow"">Twitter for Android</a>",@tvp_info @TulickiMarcin Sukces pisowskiej dyplomacji hahahaha @MSZ_RP Brawa dyplomatoÅ‚ki! Owacje na stojÄ…co z powodu osiÄ…gniÄ™cia celu hahahah.,https://twitter.com/st33lr4t/status/1418196101153296387,Fri Aug 09 01:14:28 +0000 2013,1656604141,false,"For better future. I will show you world without sin.

BTC donation welcome ğŸ˜
 1BFonQGxpFHVMFKqQXW1PSJPJMuyoq255e",86770,271,385,1,Milky Way Galaxy,Justice4All,st33lr4t,24351,,http://edx.org,false
,Thu Jul 22 13:12:05 +0000 2021,,,,0,1418197154888310787,tvp_info,1418181400579256329,47295451,pl,,,,0,,,"<a href=""http://twitter.com/download/android"" rel=""nofollow"">Twitter for Android</a>",@tvp_info @Frontex Czyli odnalazÅ‚y siÄ™ plecaki dla dzieci z Aleppo ktÃ³re zajebaÅ‚a Beata z klerem?,https://twitter.com/st33lr4t/status/1418197154888310787,Fri Aug 09 01:14:28 +0000 2013,1656604141,false,"For better future. I will show you world without sin.

BTC donation welcome ğŸ˜
 1BFonQGxpFHVMFKqQXW1PSJPJMuyoq255e",86770,271,385,1,Milky Way Galaxy,Justice4All,st33lr4t,24351,,http://edx.org,false
,Thu Jul 22 13:13:33 +0000 2021,,,,0,1418197524779868160,tvp_info,1418196816861007878,47295451,pl,,,,0,,,"<a href=""http://twitter.com/download/android"" rel=""nofollow"">Twitter for Android</a>","@tvp_info ""nikt nie wierzy w ani jedno sÅ‚owo TVP""

Vel.
Inne ÅºrÃ³dÅ‚o proszÄ™",https://twitter.com/piecioskibowy/status/1418197524779868160,Tue May 12 08:19:36 +0000 2020,1260122409358761984,false,"OrzÄ™ kaÅ¼dego, nikogo nie oszczÄ™dzam.",17508,287,119,3,,PÅ‚ug PiÄ™cioskibowy,piecioskibowy,13022,,,false
,Thu Jul 22 13:08:07 +0000 2021,,,,0,1418196157797478401,,,,pl,,,,162,1417778238286450688,DorotaKania2,"<a href=""http://twitter.com/download/android"" rel=""nofollow"">Twitter for Android</a>","Atak D. Tuska na dziennikarkÄ™ TVP to wyraÅºny sygnaÅ‚ dla jego akolitÃ³w. WczeÅ›niej nie reagowaÅ‚ na uderzenie kobiety na jego wiecu - jego ""strategia"" wÅ‚aÅ›nie na tym polega.",https://twitter.com/TadekPolak/status/1418196157797478401,Fri Apr 28 18:25:18 +0000 2017,858024340301938689,false,Tylko prawda bez manipulacji,77098,303,430,2,,TadekPolak,TadekPolak,79015,,,false
,Thu Jul 22 13:12:36 +0000 2021,,,,0,1418197284601348098,,,,pl,,,,0,,,"<a href=""http://twitter.com/download/android"" rel=""nofollow"">Twitter for Android</a>","Panie Prezesie KaczyÅ„ski proszÄ™ wystÄ…piÄ‡ w TVP i poinformowaÄ‡ NarÃ³d Polski co zamierzacie zrobiÄ‡ z wyrokiem TSUE i ultimatum KE, a takÅ¼e z ustawÄ… medialnÄ…?",https://twitter.com/kazekwojcik60/status/1418197284601348098,Fri Jan 29 14:42:46 +0000 2016,4860420801,false,,84861,219,413,5,,wukaz,kazekwojcik60,64300,,,false
,Thu Jul 22 13:12:19 +0000 2021,,,,0,1418197216204836865,michaljadczak,1418196702343974918,16652357,pl,,,,0,,,"<a href=""https://mobile.twitter.com"" rel=""nofollow"">Twitter Web App</a>",@michaljadczak @EUntefuhrer ....CaÅ‚e tvp pis,https://twitter.com/Miron_Kolenda/status/1418197216204836865,Sun Jul 20 16:37:19 +0000 2014,2663573629,false,"Rebel,dolnoÅ›lÄ…zak ,WrocÅ‚awianin,Polak gorszego sortu,obserwator otaczajÄ…cej go rzeczywistoÅ›ci,hulajnogista.ğŸ‡µğŸ‡±ğŸ‡ªğŸ‡º",5955,99,354,2,"WrocÅ‚aw, Polska",Miron Kolenda,Miron_Kolenda,11717,,,false
,Thu Jul 22 13:14:34 +0000 2021,,,,1,1418197781857161216,Sylwest02584530,1418159436447817732,1191756115236806700,pl,,,,0,,,"<a href=""http://twitter.com/download/android"" rel=""nofollow"">Twitter for Android</a>",@Sylwest02584530 @tvp_info ZostaliÅ›my PaÅ„stwem osi,https://twitter.com/slawek383/status/1418197781857161216,Sat Jun 08 20:07:56 +0000 2013,1493777418,false,,122,7,72,0,,sÅ‚awomir czarnecki,slawek383,5082,,,false
,Thu Jul 22 13:08:34 +0000 2021,,,,0,1418196272670986242,tvp_info,1418183554777899011,47295451,pl,,,,0,,,"<a href=""http://twitter.com/download/android"" rel=""nofollow"">Twitter for Android</a>",@tvp_info SÅ‚usznie was szmatki ignoruje :),https://twitter.com/st33lr4t/status/1418196272670986242,Fri Aug 09 01:14:28 +0000 2013,1656604141,false,"For better future. I will show you world without sin.

BTC donation welcome ğŸ˜
 1BFonQGxpFHVMFKqQXW1PSJPJMuyoq255e",86770,271,385,1,Milky Way Galaxy,Justice4All,st33lr4t,24351,,http://edx.org,false
,Thu Jul 22 13:06:44 +0000 2021,,,,0,1418195809401806854,tvp_info,1418189494218526722,47295451,pl,,,,0,,,"<a href=""http://twitter.com/download/iphone"" rel=""nofollow"">Twitter for iPhone</a>","@tvp_info Jest rok 2021, a w kosciele dalej sÄ… gwalcone i maltretowane dzieci, przez ksiezy prdofilow!! Jebac pis i ksiezy pedofilow",https://twitter.com/baca32321/status/1418195809401806854,Tue Aug 04 14:36:06 +0000 2020,1290657740461940736,false,,482,2,2,2,,baca343434,baca32321,1403,,,false
,Thu Jul 22 13:12:56 +0000 2021,,,,0,1418197369804541955,jakjerz,1418196971286900736,1691844937,pl,,,,0,,,"<a href=""https://mobile.twitter.com"" rel=""nofollow"">Twitter Web App</a>",@jakjerz @tvp_info SkÄ…d wyciÄ…gasz tak daleko idÄ…cy wniosek? Nie lubiÄ™ dewiantÃ³w maszerujÄ…cych na paradach.,https://twitter.com/MksKoroniarz/status/1418197369804541955,Fri Oct 16 13:59:59 +0000 2020,1317102939014631425,false,"Od najmÅ‚odszych lat po koroniarski Å›wiat.
Patriota ğŸ‡µğŸ‡±
11 lipca 1943 - PamiÄ™taMY ğŸ‡µğŸ‡±",21312,379,1859,4,Polska,ImperialMKS ğŸ‡µğŸ‡±,MksKoroniarz,17696,,,false
,Thu Jul 22 13:12:10 +0000 2021,,,,0,1418197175981457408,tvp_info,1418162878624976904,47295451,pl,,,,0,,,"<a href=""http://twitter.com/download/android"" rel=""nofollow"">Twitter for Android</a>","@tvp_info ZapomniaÅ‚ dodaÄ‡ Å¼e tylko tych swoich dziennikarzy, przychylnych i potulnych.",https://twitter.com/sebun81/status/1418197175981457408,Sat Jul 23 20:25:21 +0000 2016,756948335144099841,false,Polak sercem i umysÅ‚em,104026,1472,1877,9,,Sebun ğŸ’¯ğŸ‡µğŸ‡±,sebun81,69615,,,false
,Thu Jul 22 13:13:55 +0000 2021,,,,0,1418197615599099919,tvp_info,1418191478040449024,47295451,pl,,,,0,,,"<a href=""http://twitter.com/download/android"" rel=""nofollow"">Twitter for Android</a>",@tvp_info ReÅ¼imowy rzÄ…d PRL kiedyÅ›........ReÅ¼imowy rzÄ…d PiS teraz....kurde nic w tej Polsce siÄ™ nie zmieni chyba juÅ¼ nigdy,https://twitter.com/Krystia00902780/status/1418197615599099919,Fri Mar 26 20:51:37 +0000 2021,1375550955601674242,false,"obserwuje,  widzÄ™ co siÄ™ dzieje",232,10,116,0,Polska-Niemcy-Polska,Krystian,Krystia00902780,2199,,,false
,Thu Jul 22 13:13:41 +0000 2021,,,,0,1418197559005401095,adam_mugol,1418156837107609602,762367987269632000,pl,,,,0,,,"<a href=""http://twitter.com/download/android"" rel=""nofollow"">Twitter for Android</a>",@adam_zloteruno @JaRebeliantka @tvp_info ZostaliÅ›my PaÅ„stwem osi,https://twitter.com/slawek383/status/1418197559005401095,Sat Jun 08 20:07:56 +0000 2013,1493777418,false,,122,7,72,0,,sÅ‚awomir czarnecki,slawek383,5082,,,false
,Thu Jul 22 13:09:22 +0000 2021,,,,0,1418196472206667781,,,,pl,,,,20,1418136113613611010,pawel_senkowski,"<a href=""http://twitter.com/download/android"" rel=""nofollow"">Twitter for Android</a>",Szczerze? Juz rzygam tym Tuskiem! LitoÅ›ci! @KurskiPL @tvp_info @SamPereira_,https://twitter.com/Zygmunt99026458/status/1418196472206667781,Tue May 21 18:14:01 +0000 2019,1130899560187011072,false,,36671,1224,1329,1,,Zygmunt,Zygmunt99026458,36723,,,false
,Thu Jul 22 13:08:45 +0000 2021,,,,0,1418196316048482309,Dyniek84,1418171608376782849,701714768495845400,pl,,,,0,,,"<a href=""http://twitter.com/download/android"" rel=""nofollow"">Twitter for Android</a>",@Dyniek84 @tvp_info @prezydentpl @AndrzejDuda @CzarnekP @elzbietawitek z przedwojennych ksiÄ…Å¼ek dlatego mÃ³gÅ‚ nie wiedzieÄ‡ i tak sobie wymyÅ›liÅ‚ aby siÄ™ podlizaÄ‡ ğŸ¤£,https://twitter.com/LukaszKaznowski/status/1418196316048482309,Thu Jan 01 21:09:50 +0000 2015,2955517067,false,,3512,27,374,1,"Szczecin, Polska",Åukasz,LukaszKaznowski,2988,,,false
,Thu Jul 22 13:11:21 +0000 2021,,,,0,1418196971286900736,MksKoroniarz,1418195019970891781,1317102939014631400,pl,,,,0,,,"<a href=""http://twitter.com/download/android"" rel=""nofollow"">Twitter for Android</a>",@mks1973_mks @tvp_info RT na pewno lubisz.,https://twitter.com/jakjerz/status/1418196971286900736,Thu Aug 22 18:46:43 +0000 2013,1691844937,true,prawy Polak z krwi i koÅ›ci od pokoleÅ„.,49523,459,737,7,,jerzy,jakjerz,48017,,,false
,Thu Jul 22 13:07:04 +0000 2021,,,,0,1418195892331552769,,,,pl,,,,1,1418190411294728192,AmbasadaIIIRP,"<a href=""http://twitter.com/download/android"" rel=""nofollow"">Twitter for Android</a>","@tvp_info BÄ™dÄ… krÄ™cili papierosy, Å¼eby skrÃ³ciÄ‡ czas stania w kolejce do lekarza?",https://twitter.com/House96788181/status/1418195892331552769,Fri Mar 08 18:28:20 +0000 2019,1104086462612586498,false,Satyra na okrÄ…gÅ‚o ğŸ˜‰,104852,1012,1174,8,Futurama,Dr. Zoidberg ğŸ¦‚,House96788181,25815,,,false
,Thu Jul 22 13:14:39 +0000 2021,,,,0,1418197801855602689,tvp_info,1418103933067743234,47295451,pl,,,,0,,,"<a href=""https://mobile.twitter.com"" rel=""nofollow"">Twitter Web App</a>","@tvp_info @prezydentpl @AndrzejDuda lol, anzej spotka sie z kims z japonskiego rzadu? 

czy tylko z ruskim oficerem prowadzacym?",https://twitter.com/MrZwrk/status/1418197801855602689,Tue Jul 28 17:16:42 +0000 2015,3392415052,false,"ğŸ‡ªğŸ‡º
Smieci same sie nie wyniosa, kot moze zostac",49242,304,676,1,,MrZwrk,MrZwrk,13744,,,false
,Thu Jul 22 13:06:12 +0000 2021,,,,0,1418195674726809605,tvp_info,1418186136413949956,47295451,pl,,,,0,,,"<a href=""http://twitter.com/download/android"" rel=""nofollow"">Twitter for Android</a>",@tvp_info @SamPereira_ Znakomita pamiÄ™Ä‡ chociaÅ¼ tyle lat minÄ™Å‚o.,https://twitter.com/Zachari86285065/status/1418195674726809605,Thu Oct 24 09:35:30 +0000 2019,1187301517000413184,false,Politycznie obudzony prymitywnÄ… propagandÄ… pÅ‚ynÄ…cÄ… z TVP Info.,30744,58,341,1,Kraina Ubu,Zacharias,Zachari86285065,9527,,,false
,Thu Jul 22 13:13:06 +0000 2021,,,https://www.tvp.info/54990734/jerzy-urban-o-tusku-u-moniki-jaruzelskiej-to-piekna-melodia?fbclid=IwAR1kbXvDp0HjP29hqHA4-mPSsMAPYPBSR_GaG0-krMSByHfvtiqJapZP0pE,0,1418197413974749192,,,,pl,,false,,26,1418193850565337091,BartekPiekarsky,"<a href=""http://twitter.com/download/android"" rel=""nofollow"">Twitter for Android</a>","NaprawdÄ™ fantastyczna laurka dla Tuskaâ€¦ ğŸ¤¦â€â™‚ï¸
https://t.co/29oU4UHyp3",https://twitter.com/czarny6791/status/1418197413974749192,Sat Dec 19 08:54:25 +0000 2015,4533693141,false,"Kocham mojÄ… Å¼onÄ™ â¤
Kocham moich 3 synÃ³w â¤â¤â¤
Kocham mojÄ… PolskÄ™ â¤ğŸ‡µğŸ‡± 
BÃ“G RODZINA HONOR OJCZYZNA â€¼â€¼â€¼",230192,4729,1952,14,Polska,ğŸ‡µğŸ‡± Prawy i Sprawiedliwy #MuremZaPolskimMundurem,czarny6791,106453,,,false
,Thu Jul 22 13:10:55 +0000 2021,,,https://bit.ly/3wZ6dzR,3,1418196862058835975,,,,pl,,false,,1,,,"<a href=""https://mobile.twitter.com"" rel=""nofollow"">Twitter Web App</a>","Na mecz o takiej randze szczeciÅ„scy kibice czekali prawie 20 lat! Za niecaÅ‚e szeÅ›Ä‡ godzin piÅ‚karze @PogonSzczecin zagrajÄ… z chorwackim @nkosijek w pierwszym meczu drugiej rundy eliminacji Ligi Konferencji Europy.
https://t.co/RePai7Gi44",https://twitter.com/tvp3szczecin/status/1418196862058835975,Sun Oct 09 19:49:31 +0000 2016,785205572408868864,false,"Oficjalny profil telewizji TVP3 Szczecin.
Obiektywne przekazywanie zdarzeÅ„ dziejÄ…cych siÄ™ w regionie. Prezentowanie spraw waÅ¼nych dla mieszkaÅ„cÃ³w regionu.",2246,3104,635,26,"Szczecin, Polska",TVP3 Szczecin,tvp3szczecin,29021,,http://www.szczecin.tvp.pl,false
,Thu Jul 22 13:13:32 +0000 2021,,,,1,1418197519318896640,DariuszMatecki,1417930434458132483,620421132,pl,,,,0,,,"<a href=""https://mobile.twitter.com"" rel=""nofollow"">Twitter Web App</a>",@DariuszMatecki @cezarykrysztopa @wPolityce_pl @JacynaWitt @gs24_pl @24Kurier @tvp3szczecin @KlubRadnych @PiS_ZachPomors @Jowita_W @tvp_info To nie prawda ze zostala pobita !! Powinna byc pozwana za oszczerstwo wstretny babsztyl klamie,https://twitter.com/adaskowycek1/status/1418197519318896640,Sun Aug 20 13:30:47 +0000 2017,899262436095733760,false,,205,2,109,0,"Î›Î¿Ï…Ï„ÏÎ¬ÎºÎ¹-Î ÎµÏÎ±Ï‡ÏÏÎ±, Î•Î»Î»Î¬Ï‚",adasko,adaskowycek1,216,,,false
,Thu Jul 22 13:09:22 +0000 2021,,,,0,1418196471267090432,tvp_info,1418149142539509760,47295451,pl,,,,0,,,"<a href=""https://mobile.twitter.com"" rel=""nofollow"">Twitter Web App</a>","@tvp_info @prezydentpl @AndrzejDuda Czy BudyÅ„ wie, Å¼e opalenizna jest szkodliwa?",https://twitter.com/PaulKozuchowski/status/1418196471267090432,Wed Oct 25 15:53:54 +0000 2017,923216055002128384,false,"Yo soy padre, soy hijo, soy hermano y soy amigo. Yo vivo para de alguna manera dejar mi huella Yo simplemente Vivo",53304,1761,2510,0,"Hannover, Niedersachsen",Paul Kozuchowski,PaulKozuchowski,20954,,,false
,Thu Jul 22 13:11:11 +0000 2021,,,,5,1418196927917830149,tvp_info,1418181594523836416,47295451,pl,,,,0,,,"<a href=""http://twitter.com/download/android"" rel=""nofollow"">Twitter for Android</a>","@tvp_info Zenek, pÄ™to kieÅ‚basy i puszka browara. Igrzyska dla plebsu za 2 mld co roku. Kurski w tym czasie zajada frykasy popijajÄ…c szampanem Å›miejÄ…c siÄ™ z biedoty, ktÃ³rÄ… manipuluje.",https://twitter.com/st33lr4t/status/1418196927917830149,Fri Aug 09 01:14:28 +0000 2013,1656604141,false,"For better future. I will show you world without sin.

BTC donation welcome ğŸ˜
 1BFonQGxpFHVMFKqQXW1PSJPJMuyoq255e",86770,271,385,1,Milky Way Galaxy,Justice4All,st33lr4t,24351,,http://edx.org,false
,Thu Jul 22 13:07:35 +0000 2021,,https://twitter.com/Andrze11455490/status/1418196024594735106/photo/1,,0,1418196024594735106,tvp_info,1418178016719646727,47295451,pl,,false,,0,,,"<a href=""http://twitter.com/download/android"" rel=""nofollow"">Twitter for Android</a>","@tvp_info "" Jajo"" z ...."" Uszami"" ma znowu "" NadziejÄ™"" Å¼e BÄ™dzie tak jak KiedyÅ›!! https://t.co/pDkcsS23lw",https://twitter.com/Andrze11455490/status/1418196024594735106,Thu Mar 11 11:58:45 +0000 2021,1369980991708794884,false,,11,4,29,1,,Andrze,Andrze11455490,1684,,,false
,Thu Jul 22 13:09:00 +0000 2021,wieszwiÄ™cej,,https://www.tvp.info/54990579/hiszpania-posiedzenie-parlamentu-andaluzji-przerwane-z-powodu-szczura,6,1418196379151654914,,,,pl,,false,,5,,,"<a href=""https://about.twitter.com/products/tweetdeck"" rel=""nofollow"">TweetDeck</a>","Przerwano posiedzenie parlamentu Andaluzji
#wieszwiÄ™cej https://t.co/NMcvJPH8zA",https://twitter.com/tvp_info/status/1418196379151654914,Mon Jun 15 09:00:38 +0000 2009,47295451,false,https://t.co/XzEjWNy3tg #wieszwiecej - najÅ›wieÅ¼sze informacje z kraju i ze Å›wiata. Telefon interwencyjny: 601600100,1331,832762,2003,1268,Warszawa,tvp.info ğŸ‡µğŸ‡±,tvp_info,328691,,,true
,Thu Jul 22 13:14:33 +0000 2021,,,,0,1418197775255277573,adam_giza,1417879726174134277,968098594090778600,pl,,,,0,,,"<a href=""https://mobile.twitter.com"" rel=""nofollow"">Twitter Web App</a>","@adam_giza @irena_misiaczyk @clodin56 @tvp_info @TVP ToÅ¼ to gnÃ³j, nie dziennikarz",https://twitter.com/whitishfreakyd1/status/1418197775255277573,Thu Feb 06 20:13:02 +0000 2020,1225512710969987074,true,,31390,69,155,5,,whitishfreakydemon,whitishfreakyd1,1722,,,false
,Thu Jul 22 13:10:44 +0000 2021,wieszwiÄ™cej,,https://www.tvp.info/54990858/rosja-zmniejsza-dostawy-gazu-wladimir-putin-chce-zachwiac-porzadkiem-prawnym-ue,12,1418196816861007878,,,,pl,,false,,5,,,"<a href=""https://mobile.twitter.com"" rel=""nofollow"">Twitter Web App</a>","â€Nikt nie wierzy w ani jedno sÅ‚owoâ€ 
#wieszwiÄ™cej https://t.co/FbTzpPaUXh",https://twitter.com/tvp_info/status/1418196816861007878,Mon Jun 15 09:00:38 +0000 2009,47295451,false,https://t.co/XzEjWNy3tg #wieszwiecej - najÅ›wieÅ¼sze informacje z kraju i ze Å›wiata. Telefon interwencyjny: 601600100,1331,832762,2003,1268,Warszawa,tvp.info ğŸ‡µğŸ‡±,tvp_info,328691,,,true
,Thu Jul 22 13:07:10 +0000 2021,,,,1,1418195918273359873,WazDobry,1418194391244627968,810255943363653600,pl,,,,0,,,"<a href=""http://twitter.com/download/iphone"" rel=""nofollow"">Twitter for iPhone</a>","@WazDobry @tvp_info Å»adna religia i Å¼adna orientacja niczego takiego nie powoduje, takie coÅ› powoduje zjebanie umysÅ‚owe niektÃ³rych ludzi i tylko to.",https://twitter.com/Otawanabe/status/1418195918273359873,Sat Oct 26 17:55:58 +0000 2019,1188152245516488704,false,Iâ€™m a person ğŸŒ,64144,59,2317,0,Aitutaki ,Otawanabe,Otawanabe,6177,,,false
,Thu Jul 22 13:14:33 +0000 2021,wieszwiÄ™cej,,https://www.tvp.info/54990579/hiszpania-posiedzenie-parlamentu-andaluzji-przerwane-z-powodu-szczura,0,1418197776219914248,,,,pl,,false,,5,1418196379151654914,tvp_info,"<a href=""https://mobile.twitter.com"" rel=""nofollow"">Twitter Web App</a>","Przerwano posiedzenie parlamentu Andaluzji
#wieszwiÄ™cej https://t.co/NMcvJPH8zA",https://twitter.com/2225kuc/status/1418197776219914248,Sun Jan 22 12:48:34 +0000 2012,471046989,false,Kocham Polski LwÃ³w.,510104,2489,2751,66,Polska,kuc krystyna,2225kuc,445523,,,false
,Thu Jul 22 13:10:56 +0000 2021,,,,0,1418196866370506752,tvp_info,1418196379151654914,47295451,pl,,,,0,,,"<a href=""https://mobile.twitter.com"" rel=""nofollow"">Twitter Web App</a>",@tvp_info Pewnie Tusk siÄ™ pojawiÅ‚ i dlatego wrzasnÄ™Å‚a!,https://twitter.com/gazetapluspl/status/1418196866370506752,Thu May 30 13:05:24 +0000 2019,1134083385784242177,false,"NiezaleÅ¼ny portal punktujÄ…cy patologiÄ™ wÅ‚adzy i Å›rodowisk jÄ… wspierajÄ…cych. Czasem pÃ³Å‚ Å¼artem, pÃ³Å‚ serio - czÄ™sto Å›miertelnie powaÅ¼nie.",4178,1759,3562,6,Polska,Gazeta Plus,gazetapluspl,5986,,http://www.gazetaplus.pl,false
,Thu Jul 22 13:11:05 +0000 2021,,,,0,1418196903129399298,,,,pl,,,,0,,,"<a href=""http://twitter.com/download/android"" rel=""nofollow"">Twitter for Android</a>",@Mateusz_lski @adam_giza @tvp_info KoleÅ› jest tragiczny ğŸ¤¦â€â™‚ï¸ğŸ¤¦â€â™‚ï¸ğŸ¤¦â€â™‚ï¸,https://twitter.com/Dasta8181/status/1418196903129399298,Fri Feb 03 00:58:58 +0000 2017,827320439840047104,false,"TO REACH THE SOURCE YOU HAVE TO GO AGAINST THE RIDE
czasami bluzgam...nie Å¼eby kogoÅ› obraziÄ‡ lecz aby podkreÅ›liÄ‡ emocje i wagÄ™ wypowiedzi ğŸ˜‰",97867,963,1083,2,Polska,Dast,Dasta8181,47602,,,false
,Thu Jul 22 13:09:48 +0000 2021,,,,0,1418196581610840067,adam_giza,1417863725399384065,968098594090778600,pl,,,,0,,,"<a href=""http://twitter.com/download/android"" rel=""nofollow"">Twitter for Android</a>","@adam_giza @tvp_info @TVP Teraz chyba pracownicy TVP muszÄ… pierdoliÄ‡ takie gÅ‚upoty.....  
Albo im dobrze za to pÅ‚acÄ…, albo straszÄ… zwolnieniem.....",https://twitter.com/PortierHenryk/status/1418196581610840067,Wed Dec 06 16:59:31 +0000 2017,938452857262628865,false,"Polska jest najwaÅ¼niejsza ğŸ‡µğŸ‡±
Obecnie etatowy ruski troll......Agent Kremla....
#POLEXIT
#ToNieNaszaWojna
#StopUkrainizacjiPolski",26655,454,615,2,Polska,Henryk Portier ğŸ‡µğŸ‡±,PortierHenryk,14120,,,false
,Thu Jul 22 13:13:32 +0000 2021,,,https://voxeurop.eu/pl/breivik-ponury-bohater-naszych-czasow/,0,1418197522317811714,PanZolty,1418190004287909889,2483548285,pl,,false,,0,,,"<a href=""https://mobile.twitter.com"" rel=""nofollow"">Twitter Web App</a>","@PanZolty @tvp_info manifest 2083.
 
nie mam poglÄ…dÃ³w w Å¼adnym temacie dotyczÄ…cym Breivika.

https://t.co/8IzTuaRHnX",https://twitter.com/Krzyszt89777069/status/1418197522317811714,Sun Nov 12 07:24:06 +0000 2017,929610740272652288,false,,11914,236,1349,2,Miasto stoÅ‚eczne,Ğ»ĞµÑ‚ÑƒÑ‡Ğ°Ñ Ğ¼Ñ‹ÑˆÑŒ,Krzyszt89777069,40979,,,false
,Thu Jul 22 13:12:58 +0000 2021,,,,0,1418197379203977218,tvp_info,1418162878624976904,47295451,pl,,,,0,,,"<a href=""http://twitter.com/download/android"" rel=""nofollow"">Twitter for Android</a>",@tvp_info Wy nie jesteÅ›cie dziennikarzami. JesteÅ›cie sÅ‚ugusami obecnej wÅ‚adzy serwujÄ…cymi chamskÄ… prymitywnÄ… propagandÄ™ obraÅ¼ajÄ…cÄ… inteligencjÄ™ wiÄ™kszoÅ›ci spoÅ‚eczeÅ„stwa.,https://twitter.com/marcbedn/status/1418197379203977218,Wed Feb 06 14:33:33 +0000 2013,1154187211,false,"BÄ…dÅº jak kamieÅ„, stÃ³j wytrzymaj. Jeszcze bÄ™dzie przepiÄ™knie, jeszcze bedzie normalnie. WolnoÅ›Ä‡ kocham i rozumiem, wolnoÅ›ci oddaÄ‡ nie umiem.",18983,200,1501,0,Polska / Poland,MarcBedn ğŸ‡µğŸ‡±ğŸ‡ªğŸ‡ºğŸ‡ºğŸ‡¦,marcbedn,3784,,,false
,Thu Jul 22 13:10:14 +0000 2021,,,https://www.tvp.info/54990734/jerzy-urban-o-tusku-u-moniki-jaruzelskiej-to-piekna-melodia?fbclid=IwAR1kbXvDp0HjP29hqHA4-mPSsMAPYPBSR_GaG0-krMSByHfvtiqJapZP0pE,0,1418196691002474500,,,,pl,,false,,26,1418193850565337091,BartekPiekarsky,"<a href=""https://mobile.twitter.com"" rel=""nofollow"">Twitter Web App</a>","NaprawdÄ™ fantastyczna laurka dla Tuskaâ€¦ ğŸ¤¦â€â™‚ï¸
https://t.co/29oU4UHyp3",https://twitter.com/GorzatabaduraMa/status/1418196691002474500,Fri Jan 08 19:42:46 +0000 2016,4747365455,true,,47228,212,291,2,,maÅ‚gorzatabadura,GorzatabaduraMa,30951,,,false
,Thu Jul 22 13:08:17 +0000 2021,,,,1,1418196201271406592,kaishaku1,1418194574531497986,1153613528877740000,pl,,,,0,,,"<a href=""http://twitter.com/download/android"" rel=""nofollow"">Twitter for Android</a>",@kaishaku1 @tvp_info @MON_GOV_PL Bo to pierwszy polski dron jest ğŸ˜,https://twitter.com/Rampapa32498271/status/1418196201271406592,Mon Jan 11 16:36:49 +0000 2021,1348670171670581249,false,Taki jestem ot co ğŸ¤¯!!,7109,85,307,2,"ÅÃ³dÅº, Polska",Pizgacz McQwacz,Rampapa32498271,5011,,,false
,Thu Jul 22 13:08:57 +0000 2021,,,,0,1418196367164547075,Otawanabe,1418195918273359873,1188152245516488700,pl,,,,0,,,"<a href=""http://twitter.com/download/android"" rel=""nofollow"">Twitter for Android</a>",@Otawanabe @tvp_info Na pewno deprawuje. Tak mÃ³wili w WiadomoÅ›ciach. Po co mieliby kÅ‚amaÄ‡?,https://twitter.com/WazDobry/status/1418196367164547075,Sat Dec 17 22:50:45 +0000 2016,810255943363653632,false,"Polak, patriota, satanista biaÅ‚y, kucharz i miÅ‚oÅ›nik Karkonoszy. ZaÅ¼arty przeciwnik KoÅ›cioÅ‚a rzymskopedofilskiego oraz Jana GwaÅ‚ta Drugiego.",50436,232,524,6,Polska,Marcin Strzelski #WhiteSatanic ğŸ‘,WazDobry,46253,,,false
,Thu Jul 22 13:08:53 +0000 2021,,,,0,1418196350877982721,,,,pl,,,,91,1418194659642417163,KrzyLuft,"<a href=""https://mobile.twitter.com"" rel=""nofollow"">Twitter Web App</a>","Rada Programowa TVP gÅ‚osami czÅ‚onkÃ³w zwiÄ…zanych z PiS wÅ‚aÅ›nie odrzuciÅ‚a wniosek o zamÃ³wienie zewnÄ™trznej analizy materiaÅ‚Ã³w @WiadomosciTVP , przedstawiajÄ…cych aktywnoÅ›Ä‡ i osobÄ™ @donaldtusk . ZamykajÄ… oczy i uszy na ordynarne szczucie i nagonkÄ™, realizowanÄ… w TVP.",https://twitter.com/sosenka2012/status/1418196350877982721,Sun Mar 04 13:49:00 +0000 2012,514360451,false,Manager Firmy : wolny zawÃ³d.,120468,608,2057,2,Polska,Gosia StÄ™pniewska,sosenka2012,29922,,,false
,Thu Jul 22 13:10:24 +0000 2021,,,https://www.tvp.info/54970106/zus-na-zwolnieniu-lekarskim-nalezy-podac-aktualny-adres-pobytu,0,1418196733536972800,,,,pl,,false,,0,,,"<a href=""https://mobile.twitter.com"" rel=""nofollow"">Twitter Web App</a>",1/2 DziÅ› informacje z ZUS. https://t.co/p6vL6l0ol6,https://twitter.com/NMozliwosci/status/1418196733536972800,Sun Jun 12 16:48:08 +0000 2016,742035768621867009,false,"Fundacja NieskoÅ„czone MoÅ¼liwoÅ›ci https://t.co/TFnoA9kqKW #nonprofits #ngo  https://t.co/5YsC8mMAeq
https://t.co/o2JjmpLIoU",4496,264,952,3,"KrakÃ³w, Polska",N MoÅ¼liwoÅ›ci,NMozliwosci,2779,,https://nieskonczonemozliwosci.org/,false
,Thu Jul 22 13:11:08 +0000 2021,WieszwPiSdu,,,0,1418196915779420162,tvp_info,1418183554777899011,47295451,pl,,,,0,,,"<a href=""https://mobile.twitter.com"" rel=""nofollow"">Twitter Web App</a>","@tvp_info Mamy do czynienia ze bezczelnym - staÅ‚ym elementem zachowania funkcjonariuszy Telewizji Polskiej wobec Donalda Tuska, a takÅ¼e komunikacji z opozycjÄ… i normalnymi obywatelami. 
#WieszwPiSdu",https://twitter.com/ps_Macios/status/1418196915779420162,Wed Dec 24 00:27:12 +0000 2014,2939001040,false,"Od powietrza,gÅ‚odu,ognia,wojny, Putina i PiS...",52809,874,1599,1,"Warszawa, Polska",PaweÅ‚ Matuszewski,ps_Macios,9342,,,false
,Thu Jul 22 13:11:38 +0000 2021,,,,0,1418197041516359681,,,,pl,,,,4,1418185054703034370,ReligiaTVP,"<a href=""http://twitter.com/download/iphone"" rel=""nofollow"">Twitter for iPhone</a>","â›ª Nasze spotkanie na krakowskich BÅ‚oniach nie byÅ‚oby peÅ‚ne, gdybyÅ›my w modlitwie Â«AnioÅ‚ PaÅ„skiÂ» nie zwrÃ³cili siÄ™ do Matki Chrystusa, Maryi... - #JanPaweÅ‚II

VI pielgrzymka ğŸ‡µğŸ‡± 8.06.1997 r. ğŸ“… KrakÃ³w

https://t.co/O72bAXO4GC â¤µ https://t.co/8kLXzMHUAK",https://twitter.com/xRytel/status/1418197041516359681,Sun May 09 21:48:57 +0000 2010,142072375,false,"a Catholic priest, director of the Office for Foreign Communication of the Polish Bishops' Conference, previously spokesman of the Polish Episcopate (2015-2020)",34542,12332,2826,59,Warszawa,ks. PaweÅ‚ Rytel-Andrianik,xRytel,34385,,http://www.episkopat.pl,false
,Thu Jul 22 13:15:05 +0000 2021,,,,0,1418197911041724418,Krzyszt89777069,1418197522317811714,929610740272652300,pl,,,,0,,,"<a href=""http://twitter.com/download/android"" rel=""nofollow"">Twitter for Android</a>","@Krzyszt89777069 @tvp_info nie rozumiem, co to ma do tego co napisaÅ‚em",https://twitter.com/PanZolty/status/1418197911041724418,Thu May 08 11:01:12 +0000 2014,2483548285,false,"Szkoda gadaÄ‡, tylko siÄ™ on/jego umorduje.",399273,20206,2118,87,Internet ,zà«¯t ğŸ‡¬ğŸ‡± âœ¯âœ¯âœ¯âœ¯âœ¯,PanZolty,221257,,,false
,Thu Jul 22 13:14:32 +0000 2021,,https://twitter.com/radoslaw_pisula/status/1418197770842873857/photo/1,,42,1418197770842873857,,,,pl,,false,,0,,,"<a href=""http://twitter.com/download/android"" rel=""nofollow"">Twitter for Android</a>","Typowy dzieÅ„ na TVP Kobieta. ChÅ‚opy gotujÄ…, chÅ‚opy doradzajÄ… jak kontrolowaÄ‡ zakupy, Ojciec Mateusz kombinuje, Cejrowski i Å›mietnik seriali TVP. No te dwie/trzy konkretniejsze pozycje nie zmieniajÄ… faktu, Å¼e ten kanaÅ‚ nie ma praktycznie nic do zaoferowania. https://t.co/G39K5kpE5Z",https://twitter.com/radoslaw_pisula/status/1418197770842873857,Fri Sep 03 18:55:02 +0000 2010,186543374,false,"Zna czÅ‚owieka, ktÃ³ry staÅ‚ siÄ™ jednoÅ›ciÄ… z absolutem. ByÅ‚ jego mentorem. Wrobiony w popkulturÄ™, wyjÄ™ty spod prawa, Å›cigany jak zwierzÄ™, sam staÅ‚ siÄ™ myÅ›liwym.",702,7183,164,21,Poland,RadosÅ‚aw Pisula ğŸ’›ğŸ’™,radoslaw_pisula,5867,,https://www.facebook.com/fullfrontalpisula/,false
,Thu Jul 22 13:15:00 +0000 2021,wieszwiÄ™cej,,https://www.tvp.info/54990581/etyczne-foie-gras-francja-firma-gourmey-produkuje-pasztet-w-laboratorium-wideo,0,1418197889952542722,,,,pl,,false,,0,,,"<a href=""https://about.twitter.com/products/tweetdeck"" rel=""nofollow"">TweetDeck</a>","Firma od dwÃ³ch lat pracuje nad laboratoryjnÄ… produkcjÄ… foie gras (pasztetu strasburskiego) 
#wieszwiÄ™cej https://t.co/PsrxLRqxR3",https://twitter.com/tvp_info/status/1418197889952542722,Mon Jun 15 09:00:38 +0000 2009,47295451,false,https://t.co/XzEjWNy3tg #wieszwiecej - najÅ›wieÅ¼sze informacje z kraju i ze Å›wiata. Telefon interwencyjny: 601600100,1331,832762,2003,1268,Warszawa,tvp.info ğŸ‡µğŸ‡±,tvp_info,328691,,,true
,Thu Jul 22 13:07:57 +0000 2021,,,,0,1418196114952572934,,,,pl,,,,91,1418194659642417163,KrzyLuft,"<a href=""http://twitter.com/download/android"" rel=""nofollow"">Twitter for Android</a>","Rada Programowa TVP gÅ‚osami czÅ‚onkÃ³w zwiÄ…zanych z PiS wÅ‚aÅ›nie odrzuciÅ‚a wniosek o zamÃ³wienie zewnÄ™trznej analizy materiaÅ‚Ã³w @WiadomosciTVP , przedstawiajÄ…cych aktywnoÅ›Ä‡ i osobÄ™ @donaldtusk . ZamykajÄ… oczy i uszy na ordynarne szczucie i nagonkÄ™, realizowanÄ… w TVP.",https://twitter.com/jozefmoneta/status/1418196114952572934,Wed May 30 18:15:27 +0000 2012,594795301,false,"Nie do wiary, jaki Å›wiat jest duÅ¼y i jak z tego nic nie wynika.",460098,27726,2093,134,,jozefmonetağŸ‡µğŸ‡±ğŸ’¯,jozefmoneta,512968,,http://jozefmoneta.blogspot.com/p/akwarium.html,false
,Thu Jul 22 13:08:14 +0000 2021,,,,0,1418196188898152448,,,,pl,,,,91,1418194659642417163,KrzyLuft,"<a href=""http://twitter.com/download/iphone"" rel=""nofollow"">Twitter for iPhone</a>","Rada Programowa TVP gÅ‚osami czÅ‚onkÃ³w zwiÄ…zanych z PiS wÅ‚aÅ›nie odrzuciÅ‚a wniosek o zamÃ³wienie zewnÄ™trznej analizy materiaÅ‚Ã³w @WiadomosciTVP , przedstawiajÄ…cych aktywnoÅ›Ä‡ i osobÄ™ @donaldtusk . ZamykajÄ… oczy i uszy na ordynarne szczucie i nagonkÄ™, realizowanÄ… w TVP.",https://twitter.com/LeszekGrabarczy/status/1418196188898152448,Sat Feb 08 11:55:43 +0000 2014,2331807491,false,PrzedsiÄ™biorca. KiedyÅ› sÅ‚uga paÅ„stwa polskiego.,41089,1183,4258,0,"Warszawa, Polska",Leszek Grabarczyk,LeszekGrabarczy,84484,,,false
,Thu Jul 22 13:12:03 +0000 2021,,,,1,1418197146646482954,tvp_info,1418183554777899011,47295451,pl,,,,0,,,"<a href=""http://twitter.com/download/iphone"" rel=""nofollow"">Twitter for iPhone</a>","@tvp_info Trudne pytania dziennikarze powinni zadawaÄ‡ przede wszystkim wÅ‚adzy, nie przypominam sobie takichğŸ¤”",https://twitter.com/GrzegorzKonopk1/status/1418197146646482954,Sat Apr 26 11:25:14 +0000 2014,2510361557,false,niespotykanie spokojny czÅ‚owiek.,27394,113,1339,1,"Stavanger, Norge",Grzegorz Konopka,GrzegorzKonopk1,5355,,,false
,Thu Jul 22 13:11:37 +0000 2021,,,,0,1418197038987153415,tvp_info,1418195624433000451,47295451,pl,,,,0,,,"<a href=""http://twitter.com/download/android"" rel=""nofollow"">Twitter for Android</a>",@tvp_info AnÅ¼ej kupiÅ‚. Ewidentnie.,https://twitter.com/ToTaTita_/status/1418197038987153415,Mon Oct 29 12:57:13 +0000 2018,1056892713717690368,false,LBO,95717,2327,1342,4,"Warszawa, Polska",Tita,ToTaTita_,51290,,,false
,Thu Jul 22 13:09:33 +0000 2021,,,,1,1418196516578136070,szymon_holownia,1417818318149455873,1193947151971311600,pl,"SkÃ³rzec, Polska",,,0,,,"<a href=""http://twitter.com/download/android"" rel=""nofollow"">Twitter for Android</a>",@szymon_holownia @bbudka @tvp_info ChÅ‚opcy w krÃ³ciutkich spodenkach...,https://twitter.com/s_barbarossa/status/1418196516578136070,Tue Apr 29 22:26:19 +0000 2014,2517740637,false,,6692,249,1924,2,"London, England",Stefan Wnuk LipiÅ„ski ğŸ‡µğŸ‡±,s_barbarossa,1201,,,false
,Thu Jul 22 13:06:23 +0000 2021,wieszwiÄ™cej,,https://www.tvp.info/54989955/podkarpackie-81-latek-maczeta-wymachiwal-na-placu-zabaw,0,1418195722885808133,,,,pl,,false,,1,1418190542295478279,tvp_info,"<a href=""http://twitter.com/download/android"" rel=""nofollow"">Twitter for Android</a>","MÄ™Å¼czyÅºnie nie spodobaÅ‚o siÄ™, Å¼e chÅ‚opcy grali w piÅ‚kÄ™ i haÅ‚asowali 
#wieszwiÄ™cej https://t.co/6t2GdMvtvb",https://twitter.com/janek8321/status/1418195722885808133,Tue Nov 25 14:47:47 +0000 2014,2892033969,true,,85488,349,195,3,,Jan B.,janek8321,141553,,,false
,Thu Jul 22 13:08:36 +0000 2021,,,,0,1418196280145293318,,,,pl,,,,91,1418194659642417163,KrzyLuft,"<a href=""http://twitter.com/download/iphone"" rel=""nofollow"">Twitter for iPhone</a>","Rada Programowa TVP gÅ‚osami czÅ‚onkÃ³w zwiÄ…zanych z PiS wÅ‚aÅ›nie odrzuciÅ‚a wniosek o zamÃ³wienie zewnÄ™trznej analizy materiaÅ‚Ã³w @WiadomosciTVP , przedstawiajÄ…cych aktywnoÅ›Ä‡ i osobÄ™ @donaldtusk . ZamykajÄ… oczy i uszy na ordynarne szczucie i nagonkÄ™, realizowanÄ… w TVP.",https://twitter.com/kptowl/status/1418196280145293318,Sun Aug 16 17:17:39 +0000 2015,3426342010,false,"â€Im dalej spoÅ‚eczeÅ„stwo dryfuje od prawdy, tym bardziej nienawidzi tych, ktÃ³rzy jÄ… gÅ‚oszÄ…. Prawda jest nowÄ… mowÄ… nienawiÅ›ci.â€ - George Orwell",215810,1215,1630,14,Polska,Kpt Owl,kptowl,119327,,,false
,Thu Jul 22 13:10:31 +0000 2021,,,,0,1418196761705857030,WazDobry,1418196367164547075,810255943363653600,pl,,,,0,,,"<a href=""http://twitter.com/download/iphone"" rel=""nofollow"">Twitter for iPhone</a>",@WazDobry @tvp_info Ale co deprawuje?,https://twitter.com/Otawanabe/status/1418196761705857030,Sat Oct 26 17:55:58 +0000 2019,1188152245516488704,false,Iâ€™m a person ğŸŒ,64144,59,2317,0,Aitutaki ,Otawanabe,Otawanabe,6177,,,false
,Thu Jul 22 13:11:28 +0000 2021,,,,0,1418197001322254336,,,,pl,,,,29,1417800168964038657,andrzejmoscicki,"<a href=""http://twitter.com/download/iphone"" rel=""nofollow"">Twitter for iPhone</a>","BÄ™dziemy mieÄ‡ spokÃ³j z ""PanoramÄ…"" na 2 kanale TVP. Jej prowadzÄ…cy Gnat niejaki publicznie oÅ›wiadczyÅ‚, Å¼e usÅ‚yszymy siÄ™ znowu kiedy sÅ‚oÅ„ce okrÄ…Å¼y ziemiÄ™. TrochÄ™ czasu minieğŸ˜‚",https://twitter.com/MichaLe73887327/status/1418197001322254336,Fri May 21 16:37:47 +0000 2021,1395780807822823426,false,"tolerancyjny na innoÅ›Ä‡, nietolerancyjny na homofobÃ³w, rasistÃ³w, dyskryminujÄ…cych innoÅ›Ä‡, gÅ‚upotÄ™, brak dobrej woli i nienawiÅ›Ä‡, kocham IrlandiÄ™, Polska choruje.",37979,412,506,4,Warszawa,Thorgal Aegirson,MichaLe73887327,20049,,,false
